,ID_0,ISO,NAME_0,ID_1,NAME_1,ID_2,NAME_2,TYPE_2,ENGTYPE_2,NL_NAME_2,VARNAME_2
0,158,NLD,Netherlands,1,Drenthe,1,Aa en Hunze,Gemeente,Municipality,,
1,158,NLD,Netherlands,1,Drenthe,2,Assen,Gemeente,Municipality,,
2,158,NLD,Netherlands,1,Drenthe,3,Borger-Odoorn,Gemeente,Municipality,,
3,158,NLD,Netherlands,1,Drenthe,4,Coevorden,Gemeente,Municipality,,
4,158,NLD,Netherlands,1,Drenthe,5,De Wolden,Gemeente,Municipality,,
5,158,NLD,Netherlands,1,Drenthe,6,Emmen,Gemeente,Municipality,,
6,158,NLD,Netherlands,1,Drenthe,7,Hoogeveen,Gemeente,Municipality,,
7,158,NLD,Netherlands,1,Drenthe,8,Meppel,Gemeente,Municipality,,
8,158,NLD,Netherlands,1,Drenthe,9,Midden-Drenthe,Gemeente,Municipality,,Middenveld
9,158,NLD,Netherlands,1,Drenthe,10,Noordenveld,Gemeente,Municipality,,
10,158,NLD,Netherlands,1,Drenthe,11,Tynaarlo,Gemeente,Municipality,,Zuidlaren
11,158,NLD,Netherlands,1,Drenthe,12,Westerveld,Gemeente,Municipality,,
12,158,NLD,Netherlands,2,Flevoland,13,Almere,Gemeente,Municipality,,
13,158,NLD,Netherlands,2,Flevoland,14,Dronten,Gemeente,Municipality,,
14,158,NLD,Netherlands,2,Flevoland,15,Lelystad,Gemeente,Municipality,,
15,158,NLD,Netherlands,2,Flevoland,16,Noordoostpolder,Gemeente,Municipality,,
16,158,NLD,Netherlands,2,Flevoland,17,Urk,Gemeente,Municipality,,
17,158,NLD,Netherlands,2,Flevoland,18,Zeewolde,Gemeente,Municipality,,
18,158,NLD,Netherlands,3,Friesland,19,Achtkarspelen,Gemeente,Municipality,,
19,158,NLD,Netherlands,3,Friesland,20,Ameland,Gemeente,Municipality,,
20,158,NLD,Netherlands,3,Friesland,21,Boarnsterhim,Gemeente,Municipality,,
21,158,NLD,Netherlands,3,Friesland,22,Bolsward,Gemeente,Municipality,,
22,158,NLD,Netherlands,3,Friesland,23,Dantumadeel,Gemeente,Municipality,,
23,158,NLD,Netherlands,3,Friesland,24,Dongeradeel,Gemeente,Municipality,,
24,158,NLD,Netherlands,3,Friesland,25,Ferwerderadiel,Gemeente,Municipality,,Ferwerderadeel
25,158,NLD,Netherlands,3,Friesland,26,Franekeradeel,Gemeente,Municipality,,
26,158,NLD,Netherlands,3,Friesland,27,Gaasterlân-Sleat,Gemeente,Municipality,,
27,158,NLD,Netherlands,3,Friesland,28,Harlingen,Gemeente,Municipality,,
28,158,NLD,Netherlands,3,Friesland,29,Heerenveen,Gemeente,Municipality,,
29,158,NLD,Netherlands,3,Friesland,30,Het Bildt,Gemeente,Municipality,,
30,158,NLD,Netherlands,3,Friesland,31,Kollumerland c.a.,Gemeente,Municipality,,Kollumerland en Nieuwkruisland
31,158,NLD,Netherlands,3,Friesland,32,Leeuwarden,Gemeente,Municipality,,
32,158,NLD,Netherlands,3,Friesland,33,Leeuwarderadeel,Gemeente,Municipality,,
33,158,NLD,Netherlands,3,Friesland,34,Lemsterland,Gemeente,Municipality,,
34,158,NLD,Netherlands,3,Friesland,35,Littenseradiel,Gemeente,Municipality,,
35,158,NLD,Netherlands,3,Friesland,36,Menaldumadeel,Gemeente,Municipality,,
36,158,NLD,Netherlands,3,Friesland,37,Nijefurd,Gemeente,Municipality,,
37,158,NLD,Netherlands,3,Friesland,38,Ooststellingwerf,Gemeente,Municipality,,
38,158,NLD,Netherlands,3,Friesland,39,Opsterland,Gemeente,Municipality,,
39,158,NLD,Netherlands,3,Friesland,40,Schiermonnikoog,Gemeente,Municipality,,
40,158,NLD,Netherlands,3,Friesland,41,Skarsterlân,Gemeente,Municipality,,
41,158,NLD,Netherlands,3,Friesland,42,Smallingerland,Gemeente,Municipality,,
42,158,NLD,Netherlands,3,Friesland,43,Sneek,Gemeente,Municipality,,
43,158,NLD,Netherlands,3,Friesland,44,Terschelling,Gemeente,Municipality,,
44,158,NLD,Netherlands,3,Friesland,45,Tytsjerksteradiel,Gemeente,Municipality,,
45,158,NLD,Netherlands,3,Friesland,46,Vlieland,Gemeente,Municipality,,
46,158,NLD,Netherlands,3,Friesland,47,Wûnseradiel,Gemeente,Municipality,,
47,158,NLD,Netherlands,3,Friesland,48,Weststellingwerf,Gemeente,Municipality,,
48,158,NLD,Netherlands,3,Friesland,49,Wymbritseradiel,Gemeente,Municipality,,
49,158,NLD,Netherlands,4,Gelderland,50,Aalten,Gemeente,Municipality,,
50,158,NLD,Netherlands,4,Gelderland,51,Angerlo,Gemeente,Municipality,,
51,158,NLD,Netherlands,4,Gelderland,52,Apeldoorn,Gemeente,Municipality,,
52,158,NLD,Netherlands,4,Gelderland,53,Arnhem,Gemeente,Municipality,,
53,158,NLD,Netherlands,4,Gelderland,54,Barneveld,Gemeente,Municipality,,
54,158,NLD,Netherlands,4,Gelderland,55,Bergh,Gemeente,Municipality,,
55,158,NLD,Netherlands,4,Gelderland,56,Beuningen,Gemeente,Municipality,,
56,158,NLD,Netherlands,4,Gelderland,57,Borculo,Gemeente,Municipality,,
57,158,NLD,Netherlands,4,Gelderland,58,Brummen,Gemeente,Municipality,,
58,158,NLD,Netherlands,4,Gelderland,59,Buren,Gemeente,Municipality,,
59,158,NLD,Netherlands,4,Gelderland,60,Culemborg,Gemeente,Municipality,,
60,158,NLD,Netherlands,4,Gelderland,61,Didam,Gemeente,Municipality,,
61,158,NLD,Netherlands,4,Gelderland,62,Dinxperlo,Gemeente,Municipality,,
62,158,NLD,Netherlands,4,Gelderland,63,Doesburg,Gemeente,Municipality,,
63,158,NLD,Netherlands,4,Gelderland,64,Doetinchem,Gemeente,Municipality,,
64,158,NLD,Netherlands,4,Gelderland,65,Druten,Gemeente,Municipality,,
65,158,NLD,Netherlands,4,Gelderland,66,Duiven,Gemeente,Municipality,,
66,158,NLD,Netherlands,4,Gelderland,67,Ede,Gemeente,Municipality,,
67,158,NLD,Netherlands,4,Gelderland,68,Eibergen,Gemeente,Municipality,,
68,158,NLD,Netherlands,4,Gelderland,69,Elburg,Gemeente,Municipality,,
69,158,NLD,Netherlands,4,Gelderland,70,Epe,Gemeente,Municipality,,
70,158,NLD,Netherlands,4,Gelderland,71,Ermelo,Gemeente,Municipality,,
71,158,NLD,Netherlands,4,Gelderland,72,Geldermalsen,Gemeente,Municipality,,
72,158,NLD,Netherlands,4,Gelderland,73,Gendringen,Gemeente,Municipality,,
73,158,NLD,Netherlands,4,Gelderland,74,Gorssel,Gemeente,Municipality,,
74,158,NLD,Netherlands,4,Gelderland,75,Groenlo,Gemeente,Municipality,,
75,158,NLD,Netherlands,4,Gelderland,76,Groesbeek,Gemeente,Municipality,,
76,158,NLD,Netherlands,4,Gelderland,77,Harderwijk,Gemeente,Municipality,,
77,158,NLD,Netherlands,4,Gelderland,78,Hattem,Gemeente,Municipality,,
78,158,NLD,Netherlands,4,Gelderland,79,Heerde,Gemeente,Municipality,,
79,158,NLD,Netherlands,4,Gelderland,80,Hengelo,Gemeente,Municipality,,
80,158,NLD,Netherlands,4,Gelderland,81,Heumen,Gemeente,Municipality,,
81,158,NLD,Netherlands,4,Gelderland,82,Hummelo en Keppel,Gemeente,Municipality,,
82,158,NLD,Netherlands,4,Gelderland,83,Kesteren,Gemeente,Municipality,,Neder-Betuwe
83,158,NLD,Netherlands,4,Gelderland,84,Lichtenvoorde,Gemeente,Municipality,,
84,158,NLD,Netherlands,4,Gelderland,85,Lingewaal,Gemeente,Municipality,,
85,158,NLD,Netherlands,4,Gelderland,86,Lingewaard,Gemeente,Municipality,,Bemmel
86,158,NLD,Netherlands,4,Gelderland,87,Lochem,Gemeente,Municipality,,
87,158,NLD,Netherlands,4,Gelderland,88,Maasdriel,Gemeente,Municipality,,
88,158,NLD,Netherlands,4,Gelderland,89,Millingen aan de Rijn,Gemeente,Municipality,,
89,158,NLD,Netherlands,4,Gelderland,90,Neede,Gemeente,Municipality,,
90,158,NLD,Netherlands,4,Gelderland,91,Neerijnen,Gemeente,Municipality,,
91,158,NLD,Netherlands,4,Gelderland,92,Nijkerk,Gemeente,Municipality,,
92,158,NLD,Netherlands,4,Gelderland,93,Nijmegen,Gemeente,Municipality,,
93,158,NLD,Netherlands,4,Gelderland,94,Nunspeet,Gemeente,Municipality,,
94,158,NLD,Netherlands,4,Gelderland,95,Oldebroek,Gemeente,Municipality,,
95,158,NLD,Netherlands,4,Gelderland,96,Overbetuwe,Gemeente,Municipality,,
96,158,NLD,Netherlands,4,Gelderland,97,Putten,Gemeente,Municipality,,
97,158,NLD,Netherlands,4,Gelderland,98,Renkum,Gemeente,Municipality,,
98,158,NLD,Netherlands,4,Gelderland,99,Rheden,Gemeente,Municipality,,
99,158,NLD,Netherlands,4,Gelderland,100,Rijnwaarden,Gemeente,Municipality,,
100,158,NLD,Netherlands,4,Gelderland,101,Rozendaal,Gemeente,Municipality,,
101,158,NLD,Netherlands,4,Gelderland,102,Ruurlo,Gemeente,Municipality,,
102,158,NLD,Netherlands,4,Gelderland,103,Scherpenzeel,Gemeente,Municipality,,
103,158,NLD,Netherlands,4,Gelderland,104,Steenderen,Gemeente,Municipality,,
104,158,NLD,Netherlands,4,Gelderland,105,Tiel,Gemeente,Municipality,,
105,158,NLD,Netherlands,4,Gelderland,106,Ubbergen,Gemeente,Municipality,,
106,158,NLD,Netherlands,4,Gelderland,107,Voorst,Gemeente,Municipality,,
107,158,NLD,Netherlands,4,Gelderland,108,Vorden,Gemeente,Municipality,,
108,158,NLD,Netherlands,4,Gelderland,109,Wageningen,Gemeente,Municipality,,
109,158,NLD,Netherlands,4,Gelderland,110,Warnsveld,Gemeente,Municipality,,
110,158,NLD,Netherlands,4,Gelderland,111,Wehl,Gemeente,Municipality,,
111,158,NLD,Netherlands,4,Gelderland,112,West Maas en Waal,Gemeente,Municipality,,
112,158,NLD,Netherlands,4,Gelderland,113,Westervoort,Gemeente,Municipality,,
113,158,NLD,Netherlands,4,Gelderland,114,Wijchen,Gemeente,Municipality,,
114,158,NLD,Netherlands,4,Gelderland,115,Winterswijk,Gemeente,Municipality,,
115,158,NLD,Netherlands,4,Gelderland,116,Wisch,Gemeente,Municipality,,
116,158,NLD,Netherlands,4,Gelderland,117,Zaltbommel,Gemeente,Municipality,,
117,158,NLD,Netherlands,4,Gelderland,118,Zelhem,Gemeente,Municipality,,
118,158,NLD,Netherlands,4,Gelderland,119,Zevenaar,Gemeente,Municipality,,
119,158,NLD,Netherlands,4,Gelderland,120,Zutphen,Gemeente,Municipality,,
120,158,NLD,Netherlands,5,Groningen,121,Appingedam,Gemeente,Municipality,,
121,158,NLD,Netherlands,5,Groningen,122,Bedum,Gemeente,Municipality,,
122,158,NLD,Netherlands,5,Groningen,123,Bellingwedde,Gemeente,Municipality,,
123,158,NLD,Netherlands,5,Groningen,124,De Marne,Gemeente,Municipality,,
124,158,NLD,Netherlands,5,Groningen,125,Delfzijl,Gemeente,Municipality,,
125,158,NLD,Netherlands,5,Groningen,126,Eemsmond,Gemeente,Municipality,,
126,158,NLD,Netherlands,5,Groningen,127,Groningen,Gemeente,Municipality,,
127,158,NLD,Netherlands,5,Groningen,128,Grootegast,Gemeente,Municipality,,
128,158,NLD,Netherlands,5,Groningen,129,Haren,Gemeente,Municipality,,
129,158,NLD,Netherlands,5,Groningen,130,Hoogezand-Sappemeer,Gemeente,Municipality,,
130,158,NLD,Netherlands,5,Groningen,131,Leek,Gemeente,Municipality,,
131,158,NLD,Netherlands,5,Groningen,132,Loppersum,Gemeente,Municipality,,
132,158,NLD,Netherlands,5,Groningen,133,Marum,Gemeente,Municipality,,
133,158,NLD,Netherlands,5,Groningen,134,Menterwolde,Gemeente,Municipality,,
134,158,NLD,Netherlands,5,Groningen,135,Pekela,Gemeente,Municipality,,
135,158,NLD,Netherlands,5,Groningen,136,Reiderland,Gemeente,Municipality,,
136,158,NLD,Netherlands,5,Groningen,137,Scheemda,Gemeente,Municipality,,
137,158,NLD,Netherlands,5,Groningen,138,Slochteren,Gemeente,Municipality,,
138,158,NLD,Netherlands,5,Groningen,139,Stadskanaal,Gemeente,Municipality,,
139,158,NLD,Netherlands,5,Groningen,140,Ten Boer,Gemeente,Municipality,,
140,158,NLD,Netherlands,5,Groningen,141,Veendam,Gemeente,Municipality,,
141,158,NLD,Netherlands,5,Groningen,142,Vlagtwedde,Gemeente,Municipality,,
142,158,NLD,Netherlands,5,Groningen,143,Winschoten,Gemeente,Municipality,,
143,158,NLD,Netherlands,5,Groningen,144,Winsum,Gemeente,Municipality,,
144,158,NLD,Netherlands,5,Groningen,145,Zuidhorn,Gemeente,Municipality,,
145,158,NLD,Netherlands,6,IJsselmeer,146,,Water body,Water body,,
146,158,NLD,Netherlands,7,Limburg,147,Ambt Montfort,Gemeente,Municipality,,
147,158,NLD,Netherlands,7,Limburg,148,Arcen en Velden,Gemeente,Municipality,,
148,158,NLD,Netherlands,7,Limburg,149,Beek,Gemeente,Municipality,,
149,158,NLD,Netherlands,7,Limburg,150,Beesel,Gemeente,Municipality,,
150,158,NLD,Netherlands,7,Limburg,151,Bergen,Gemeente,Municipality,,
151,158,NLD,Netherlands,7,Limburg,152,Brunssum,Gemeente,Municipality,,
152,158,NLD,Netherlands,7,Limburg,153,Echt-Susteren,Gemeente,Municipality,,
153,158,NLD,Netherlands,7,Limburg,154,Eijsden,Gemeente,Municipality,,
154,158,NLD,Netherlands,7,Limburg,155,Gennep,Gemeente,Municipality,,
155,158,NLD,Netherlands,7,Limburg,156,Gulpen-Wittem,Gemeente,Municipality,,
156,158,NLD,Netherlands,7,Limburg,157,Haelen,Gemeente,Municipality,,
157,158,NLD,Netherlands,7,Limburg,158,Heel,Gemeente,Municipality,,
158,158,NLD,Netherlands,7,Limburg,159,Heerlen,Gemeente,Municipality,,
159,158,NLD,Netherlands,7,Limburg,160,Helden,Gemeente,Municipality,,
160,158,NLD,Netherlands,7,Limburg,161,Heythuysen,Gemeente,Municipality,,
161,158,NLD,Netherlands,7,Limburg,162,Horst aan de Maas,Gemeente,Municipality,,
162,158,NLD,Netherlands,7,Limburg,163,Hunsel,Gemeente,Municipality,,
163,158,NLD,Netherlands,7,Limburg,164,Kerkrade,Gemeente,Municipality,,
164,158,NLD,Netherlands,7,Limburg,165,Kessel,Gemeente,Municipality,,
165,158,NLD,Netherlands,7,Limburg,166,Landgraaf,Gemeente,Municipality,,
166,158,NLD,Netherlands,7,Limburg,167,Maasbracht,Gemeente,Municipality,,
167,158,NLD,Netherlands,7,Limburg,168,Maasbree,Gemeente,Municipality,,
168,158,NLD,Netherlands,7,Limburg,169,Maastricht,Gemeente,Municipality,,
169,158,NLD,Netherlands,7,Limburg,170,Margraten,Gemeente,Municipality,,
170,158,NLD,Netherlands,7,Limburg,171,Meerlo-Wanssum,Gemeente,Municipality,,
171,158,NLD,Netherlands,7,Limburg,172,Meerssen,Gemeente,Municipality,,
172,158,NLD,Netherlands,7,Limburg,173,Meijel,Gemeente,Municipality,,
173,158,NLD,Netherlands,7,Limburg,174,Mook en Middelaar,Gemeente,Municipality,,
174,158,NLD,Netherlands,7,Limburg,175,Nederweert,Gemeente,Municipality,,
175,158,NLD,Netherlands,7,Limburg,176,Nuth,Gemeente,Municipality,,
176,158,NLD,Netherlands,7,Limburg,177,Onderbanken,Gemeente,Municipality,,
177,158,NLD,Netherlands,7,Limburg,178,Roerdalen,Gemeente,Municipality,,
178,158,NLD,Netherlands,7,Limburg,179,Roermond,Gemeente,Municipality,,
179,158,NLD,Netherlands,7,Limburg,180,Roggel en Neer,Gemeente,Municipality,,
180,158,NLD,Netherlands,7,Limburg,181,Schinnen,Gemeente,Municipality,,
181,158,NLD,Netherlands,7,Limburg,182,Sevenum,Gemeente,Municipality,,
182,158,NLD,Netherlands,7,Limburg,183,Simpelveld,Gemeente,Municipality,,
183,158,NLD,Netherlands,7,Limburg,184,Sittard-Geleen,Gemeente,Municipality,,
184,158,NLD,Netherlands,7,Limburg,185,Stein,Gemeente,Municipality,,
185,158,NLD,Netherlands,7,Limburg,186,Swalmen,Gemeente,Municipality,,
186,158,NLD,Netherlands,7,Limburg,187,Thorn,Gemeente,Municipality,,
187,158,NLD,Netherlands,7,Limburg,188,Vaals,Gemeente,Municipality,,
188,158,NLD,Netherlands,7,Limburg,189,Valkenburg aan de Geul,Gemeente,Municipality,,
189,158,NLD,Netherlands,7,Limburg,190,Venlo,Gemeente,Municipality,,
190,158,NLD,Netherlands,7,Limburg,191,Venray,Gemeente,Municipality,,
191,158,NLD,Netherlands,7,Limburg,192,Voerendaal,Gemeente,Municipality,,
192,158,NLD,Netherlands,7,Limburg,193,Weert,Gemeente,Municipality,,
193,158,NLD,Netherlands,8,Noord-Brabant,194,'s-Hertogenbosch,Gemeente,Municipality,,
194,158,NLD,Netherlands,8,Noord-Brabant,195,Aalburg,Gemeente,Municipality,,
195,158,NLD,Netherlands,8,Noord-Brabant,196,Alphen-Chaam,Gemeente,Municipality,,
196,158,NLD,Netherlands,8,Noord-Brabant,197,Asten,Gemeente,Municipality,,
197,158,NLD,Netherlands,8,Noord-Brabant,198,Baarle-Nassau,Gemeente,Municipality,,
198,158,NLD,Netherlands,8,Noord-Brabant,199,Bergeijk,Gemeente,Municipality,,Bergeyk
199,158,NLD,Netherlands,8,Noord-Brabant,200,Bergen op Zoom,Gemeente,Municipality,,
200,158,NLD,Netherlands,8,Noord-Brabant,201,Bernheze,Gemeente,Municipality,,
201,158,NLD,Netherlands,8,Noord-Brabant,202,Best,Gemeente,Municipality,,
202,158,NLD,Netherlands,8,Noord-Brabant,203,Bladel,Gemeente,Municipality,,
203,158,NLD,Netherlands,8,Noord-Brabant,204,Boekel,Gemeente,Municipality,,
204,158,NLD,Netherlands,8,Noord-Brabant,205,Boxmeer,Gemeente,Municipality,,
205,158,NLD,Netherlands,8,Noord-Brabant,206,Boxtel,Gemeente,Municipality,,
206,158,NLD,Netherlands,8,Noord-Brabant,207,Breda,Gemeente,Municipality,,
207,158,NLD,Netherlands,8,Noord-Brabant,208,Cranendonck,Gemeente,Municipality,,Budel
208,158,NLD,Netherlands,8,Noord-Brabant,209,Cuijk,Gemeente,Municipality,,
209,158,NLD,Netherlands,8,Noord-Brabant,210,Deurne,Gemeente,Municipality,,
210,158,NLD,Netherlands,8,Noord-Brabant,211,Dongen,Gemeente,Municipality,,
211,158,NLD,Netherlands,8,Noord-Brabant,212,Drimmelen,Gemeente,Municipality,,Made
212,158,NLD,Netherlands,8,Noord-Brabant,213,Eersel,Gemeente,Municipality,,
213,158,NLD,Netherlands,8,Noord-Brabant,214,Eindhoven,Gemeente,Municipality,,
214,158,NLD,Netherlands,8,Noord-Brabant,215,Etten-Leur,Gemeente,Municipality,,
215,158,NLD,Netherlands,8,Noord-Brabant,216,Geertruidenberg,Gemeente,Municipality,,
216,158,NLD,Netherlands,8,Noord-Brabant,217,Geldrop,Gemeente,Municipality,,
217,158,NLD,Netherlands,8,Noord-Brabant,218,Gemert-Bakel,Gemeente,Municipality,,
218,158,NLD,Netherlands,8,Noord-Brabant,219,Gilze en Rijen,Gemeente,Municipality,,
219,158,NLD,Netherlands,8,Noord-Brabant,220,Goirle,Gemeente,Municipality,,
220,158,NLD,Netherlands,8,Noord-Brabant,221,Grave,Gemeente,Municipality,,
221,158,NLD,Netherlands,8,Noord-Brabant,222,Haaren,Gemeente,Municipality,,
222,158,NLD,Netherlands,8,Noord-Brabant,223,Halderberge,Gemeente,Municipality,,
223,158,NLD,Netherlands,8,Noord-Brabant,224,Heeze-Leende,Gemeente,Municipality,,
224,158,NLD,Netherlands,8,Noord-Brabant,225,Helmond,Gemeente,Municipality,,
225,158,NLD,Netherlands,8,Noord-Brabant,226,Heusden,Gemeente,Municipality,,
226,158,NLD,Netherlands,8,Noord-Brabant,227,Hilvarenbeek,Gemeente,Municipality,,
227,158,NLD,Netherlands,8,Noord-Brabant,228,Laarbeek,Gemeente,Municipality,,
228,158,NLD,Netherlands,8,Noord-Brabant,229,Landerd,Gemeente,Municipality,,
229,158,NLD,Netherlands,8,Noord-Brabant,230,Lith,Gemeente,Municipality,,
230,158,NLD,Netherlands,8,Noord-Brabant,231,Loon op Zand,Gemeente,Municipality,,
231,158,NLD,Netherlands,8,Noord-Brabant,232,Maasdonk,Gemeente,Municipality,,
232,158,NLD,Netherlands,8,Noord-Brabant,233,Mierlo,Gemeente,Municipality,,
233,158,NLD,Netherlands,8,Noord-Brabant,234,Mill en Sint Hubert,Gemeente,Municipality,,
234,158,NLD,Netherlands,8,Noord-Brabant,235,Moerdijk,Gemeente,Municipality,,Zevenbergen
235,158,NLD,Netherlands,8,Noord-Brabant,236,Nuenen c.a.,Gemeente,Municipality,,
236,158,NLD,Netherlands,8,Noord-Brabant,237,Oirschot,Gemeente,Municipality,,
237,158,NLD,Netherlands,8,Noord-Brabant,238,Oisterwijk,Gemeente,Municipality,,
238,158,NLD,Netherlands,8,Noord-Brabant,239,Oosterhout,Gemeente,Municipality,,
239,158,NLD,Netherlands,8,Noord-Brabant,240,Oss,Gemeente,Municipality,,
240,158,NLD,Netherlands,8,Noord-Brabant,241,Reusel-De Mierden,Gemeente,Municipality,,
241,158,NLD,Netherlands,8,Noord-Brabant,242,Roosendaal,Gemeente,Municipality,,
242,158,NLD,Netherlands,8,Noord-Brabant,243,Rucphen,Gemeente,Municipality,,
243,158,NLD,Netherlands,8,Noord-Brabant,244,Schijndel,Gemeente,Municipality,,
244,158,NLD,Netherlands,8,Noord-Brabant,245,Sint-Michielsgestel,Gemeente,Municipality,,
245,158,NLD,Netherlands,8,Noord-Brabant,246,Sint-Oedenrode,Gemeente,Municipality,,
246,158,NLD,Netherlands,8,Noord-Brabant,247,Sint Anthonis,Gemeente,Municipality,,
247,158,NLD,Netherlands,8,Noord-Brabant,248,Someren,Gemeente,Municipality,,
248,158,NLD,Netherlands,8,Noord-Brabant,249,Son en Breugel,Gemeente,Municipality,,
249,158,NLD,Netherlands,8,Noord-Brabant,250,Steenbergen,Gemeente,Municipality,,
250,158,NLD,Netherlands,8,Noord-Brabant,251,Tilburg,Gemeente,Municipality,,
251,158,NLD,Netherlands,8,Noord-Brabant,252,Uden,Gemeente,Municipality,,
252,158,NLD,Netherlands,8,Noord-Brabant,253,Valkenswaard,Gemeente,Municipality,,
253,158,NLD,Netherlands,8,Noord-Brabant,254,Veghel,Gemeente,Municipality,,
254,158,NLD,Netherlands,8,Noord-Brabant,255,Veldhoven,Gemeente,Municipality,,
255,158,NLD,Netherlands,8,Noord-Brabant,256,Vught,Gemeente,Municipality,,
256,158,NLD,Netherlands,8,Noord-Brabant,257,Waalre,Gemeente,Municipality,,
257,158,NLD,Netherlands,8,Noord-Brabant,258,Waalwijk,Gemeente,Municipality,,
258,158,NLD,Netherlands,8,Noord-Brabant,259,Werkendam,Gemeente,Municipality,,
259,158,NLD,Netherlands,8,Noord-Brabant,260,Woensdrecht,Gemeente,Municipality,,
260,158,NLD,Netherlands,8,Noord-Brabant,261,Woudrichem,Gemeente,Municipality,,
261,158,NLD,Netherlands,8,Noord-Brabant,262,Zundert,Gemeente,Municipality,,
262,158,NLD,Netherlands,9,Noord-Holland,263,Aalsmeer,Gemeente,Municipality,,
263,158,NLD,Netherlands,9,Noord-Holland,264,Alkmaar,Gemeente,Municipality,,
264,158,NLD,Netherlands,9,Noord-Holland,265,Amstelveen,Gemeente,Municipality,,
265,158,NLD,Netherlands,9,Noord-Holland,266,Amsterdam,Gemeente,Municipality,,
266,158,NLD,Netherlands,9,Noord-Holland,267,Andijk,Gemeente,Municipality,,
267,158,NLD,Netherlands,9,Noord-Holland,268,Anna Paulowna,Gemeente,Municipality,,
268,158,NLD,Netherlands,9,Noord-Holland,269,Beemster,Gemeente,Municipality,,
269,158,NLD,Netherlands,9,Noord-Holland,270,Bennebroek,Gemeente,Municipality,,
270,158,NLD,Netherlands,9,Noord-Holland,271,Bergen,Gemeente,Municipality,,
271,158,NLD,Netherlands,9,Noord-Holland,272,Beverwijk,Gemeente,Municipality,,
272,158,NLD,Netherlands,9,Noord-Holland,273,Blaricum,Gemeente,Municipality,,
273,158,NLD,Netherlands,9,Noord-Holland,274,Bloemendaal,Gemeente,Municipality,,
274,158,NLD,Netherlands,9,Noord-Holland,275,Bussum,Gemeente,Municipality,,
275,158,NLD,Netherlands,9,Noord-Holland,276,Castricum,Gemeente,Municipality,,
276,158,NLD,Netherlands,9,Noord-Holland,277,Den Helder,Gemeente,Municipality,,
277,158,NLD,Netherlands,9,Noord-Holland,278,Diemen,Gemeente,Municipality,,
278,158,NLD,Netherlands,9,Noord-Holland,279,Drechterland,Gemeente,Municipality,,
279,158,NLD,Netherlands,9,Noord-Holland,280,Edam-Volendam,Gemeente,Municipality,,
280,158,NLD,Netherlands,9,Noord-Holland,281,Enkhuizen,Gemeente,Municipality,,
281,158,NLD,Netherlands,9,Noord-Holland,282,Graft-De Rijp,Gemeente,Municipality,,
282,158,NLD,Netherlands,9,Noord-Holland,283,Haarlem,Gemeente,Municipality,,
283,158,NLD,Netherlands,9,Noord-Holland,284,Haarlemmerliede c.a.,Gemeente,Municipality,,Haarlemmerliede en Spaarnwoude
284,158,NLD,Netherlands,9,Noord-Holland,285,Haarlemmermeer,Gemeente,Municipality,,
285,158,NLD,Netherlands,9,Noord-Holland,286,Harenkarspel,Gemeente,Municipality,,
286,158,NLD,Netherlands,9,Noord-Holland,287,Heemskerk,Gemeente,Municipality,,
287,158,NLD,Netherlands,9,Noord-Holland,288,Heemstede,Gemeente,Municipality,,
288,158,NLD,Netherlands,9,Noord-Holland,289,Heerhugowaard,Gemeente,Municipality,,
289,158,NLD,Netherlands,9,Noord-Holland,290,Heiloo,Gemeente,Municipality,,
290,158,NLD,Netherlands,9,Noord-Holland,291,Hilversum,Gemeente,Municipality,,
291,158,NLD,Netherlands,9,Noord-Holland,292,Hoorn,Gemeente,Municipality,,
292,158,NLD,Netherlands,9,Noord-Holland,293,Huizen,Gemeente,Municipality,,
293,158,NLD,Netherlands,9,Noord-Holland,294,Landsmeer,Gemeente,Municipality,,
294,158,NLD,Netherlands,9,Noord-Holland,295,Langedijk,Gemeente,Municipality,,
295,158,NLD,Netherlands,9,Noord-Holland,296,Laren,Gemeente,Municipality,,
296,158,NLD,Netherlands,9,Noord-Holland,297,Medemblik,Gemeente,Municipality,,
297,158,NLD,Netherlands,9,Noord-Holland,298,Muiden,Gemeente,Municipality,,
298,158,NLD,Netherlands,9,Noord-Holland,299,Naarden,Gemeente,Municipality,,
299,158,NLD,Netherlands,9,Noord-Holland,300,Niedorp,Gemeente,Municipality,,
300,158,NLD,Netherlands,9,Noord-Holland,301,Noorder-Koggenland,Gemeente,Municipality,,
301,158,NLD,Netherlands,9,Noord-Holland,302,Obdam,Gemeente,Municipality,,
302,158,NLD,Netherlands,9,Noord-Holland,303,Oostzaan,Gemeente,Municipality,,
303,158,NLD,Netherlands,9,Noord-Holland,304,Opmeer,Gemeente,Municipality,,
304,158,NLD,Netherlands,9,Noord-Holland,305,Ouder-Amstel,Gemeente,Municipality,,
305,158,NLD,Netherlands,9,Noord-Holland,306,Purmerend,Gemeente,Municipality,,
306,158,NLD,Netherlands,9,Noord-Holland,307,Schagen,Gemeente,Municipality,,
307,158,NLD,Netherlands,9,Noord-Holland,308,Schermer,Gemeente,Municipality,,
308,158,NLD,Netherlands,9,Noord-Holland,309,Stede Broec,Gemeente,Municipality,,
309,158,NLD,Netherlands,9,Noord-Holland,310,Texel,Gemeente,Municipality,,
310,158,NLD,Netherlands,9,Noord-Holland,311,Uitgeest,Gemeente,Municipality,,
311,158,NLD,Netherlands,9,Noord-Holland,312,Uithoorn,Gemeente,Municipality,,
312,158,NLD,Netherlands,9,Noord-Holland,313,Velsen,Gemeente,Municipality,,
313,158,NLD,Netherlands,9,Noord-Holland,314,Venhuizen,Gemeente,Municipality,,
314,158,NLD,Netherlands,9,Noord-Holland,315,Waterland,Gemeente,Municipality,,
315,158,NLD,Netherlands,9,Noord-Holland,316,Weesp,Gemeente,Municipality,,
316,158,NLD,Netherlands,9,Noord-Holland,317,Wervershoof,Gemeente,Municipality,,
317,158,NLD,Netherlands,9,Noord-Holland,318,Wester-Koggenland,Gemeente,Municipality,,
318,158,NLD,Netherlands,9,Noord-Holland,319,Wieringen,Gemeente,Municipality,,
319,158,NLD,Netherlands,9,Noord-Holland,320,Wieringermeer,Gemeente,Municipality,,
320,158,NLD,Netherlands,9,Noord-Holland,321,Wijdemeren,Gemeente,Municipality,,
321,158,NLD,Netherlands,9,Noord-Holland,322,Wognum,Gemeente,Municipality,,
322,158,NLD,Netherlands,9,Noord-Holland,323,Wormerland,Gemeente,Municipality,,
323,158,NLD,Netherlands,9,Noord-Holland,324,Zaanstad,Gemeente,Municipality,,
324,158,NLD,Netherlands,9,Noord-Holland,325,Zandvoort,Gemeente,Municipality,,
325,158,NLD,Netherlands,9,Noord-Holland,326,Zeevang,Gemeente,Municipality,,
326,158,NLD,Netherlands,9,Noord-Holland,327,Zijpe,Gemeente,Municipality,,
327,158,NLD,Netherlands,10,Overijssel,328,Almelo,Gemeente,Municipality,,
328,158,NLD,Netherlands,10,Overijssel,329,Bathmen,Gemeente,Municipality,,
329,158,NLD,Netherlands,10,Overijssel,330,Borne,Gemeente,Municipality,,
330,158,NLD,Netherlands,10,Overijssel,331,Dalfsen,Gemeente,Municipality,,
331,158,NLD,Netherlands,10,Overijssel,332,Deventer,Gemeente,Municipality,,
332,158,NLD,Netherlands,10,Overijssel,333,Dinkelland,Gemeente,Municipality,,Denekamp
333,158,NLD,Netherlands,10,Overijssel,334,Enschede,Gemeente,Municipality,,
334,158,NLD,Netherlands,10,Overijssel,335,Haaksbergen,Gemeente,Municipality,,
335,158,NLD,Netherlands,10,Overijssel,336,Hardenberg,Gemeente,Municipality,,
336,158,NLD,Netherlands,10,Overijssel,337,Hellendoorn,Gemeente,Municipality,,
337,158,NLD,Netherlands,10,Overijssel,338,Hengelo,Gemeente,Municipality,,
338,158,NLD,Netherlands,10,Overijssel,339,Hof van Twente,Gemeente,Municipality,,
339,158,NLD,Netherlands,10,Overijssel,340,Kampen,Gemeente,Municipality,,
340,158,NLD,Netherlands,10,Overijssel,341,Losser,Gemeente,Municipality,,
341,158,NLD,Netherlands,10,Overijssel,342,Oldenzaal,Gemeente,Municipality,,
342,158,NLD,Netherlands,10,Overijssel,343,Olst-Wijhe,Gemeente,Municipality,,Olst
343,158,NLD,Netherlands,10,Overijssel,344,Ommen,Gemeente,Municipality,,
344,158,NLD,Netherlands,10,Overijssel,345,Raalte,Gemeente,Municipality,,
345,158,NLD,Netherlands,10,Overijssel,346,Rijssen,Gemeente,Municipality,,
346,158,NLD,Netherlands,10,Overijssel,347,Staphorst,Gemeente,Municipality,,
347,158,NLD,Netherlands,10,Overijssel,348,Steenwijkerland,Gemeente,Municipality,,Steenwijk
348,158,NLD,Netherlands,10,Overijssel,349,Tubbergen,Gemeente,Municipality,,
349,158,NLD,Netherlands,10,Overijssel,350,Twenterand,Gemeente,Municipality,,Vriezeveen
350,158,NLD,Netherlands,10,Overijssel,351,Wierden,Gemeente,Municipality,,
351,158,NLD,Netherlands,10,Overijssel,352,Zwartewaterland,Gemeente,Municipality,,
352,158,NLD,Netherlands,10,Overijssel,353,Zwolle,Gemeente,Municipality,,
353,158,NLD,Netherlands,11,Utrecht,354,Abcoude,Gemeente,Municipality,,
354,158,NLD,Netherlands,11,Utrecht,355,Amerongen,Gemeente,Municipality,,
355,158,NLD,Netherlands,11,Utrecht,356,Amersfoort,Gemeente,Municipality,,
356,158,NLD,Netherlands,11,Utrecht,357,Baarn,Gemeente,Municipality,,
357,158,NLD,Netherlands,11,Utrecht,358,Breukelen,Gemeente,Municipality,,
358,158,NLD,Netherlands,11,Utrecht,359,Bunnik,Gemeente,Municipality,,
359,158,NLD,Netherlands,11,Utrecht,360,Bunschoten,Gemeente,Municipality,,
360,158,NLD,Netherlands,11,Utrecht,361,De Bilt,Gemeente,Municipality,,
361,158,NLD,Netherlands,11,Utrecht,362,De Ronde Venen,Gemeente,Municipality,,
362,158,NLD,Netherlands,11,Utrecht,363,Doorn,Gemeente,Municipality,,
363,158,NLD,Netherlands,11,Utrecht,364,Driebergen-Rijsenburg,Gemeente,Municipality,,
364,158,NLD,Netherlands,11,Utrecht,365,Eemnes,Gemeente,Municipality,,
365,158,NLD,Netherlands,11,Utrecht,366,Houten,Gemeente,Municipality,,
366,158,NLD,Netherlands,11,Utrecht,367,IJsselstein,Gemeente,Municipality,,
367,158,NLD,Netherlands,11,Utrecht,368,Leersum,Gemeente,Municipality,,
368,158,NLD,Netherlands,11,Utrecht,369,Leusden,Gemeente,Municipality,,
369,158,NLD,Netherlands,11,Utrecht,370,Loenen,Gemeente,Municipality,,
370,158,NLD,Netherlands,11,Utrecht,371,Lopik,Gemeente,Municipality,,
371,158,NLD,Netherlands,11,Utrecht,372,Maarn,Gemeente,Municipality,,
372,158,NLD,Netherlands,11,Utrecht,373,Maarssen,Gemeente,Municipality,,
373,158,NLD,Netherlands,11,Utrecht,374,Montfoort,Gemeente,Municipality,,
374,158,NLD,Netherlands,11,Utrecht,375,Nieuwegein,Gemeente,Municipality,,
375,158,NLD,Netherlands,11,Utrecht,376,Oudewater,Gemeente,Municipality,,
376,158,NLD,Netherlands,11,Utrecht,377,Renswoude,Gemeente,Municipality,,
377,158,NLD,Netherlands,11,Utrecht,378,Rhenen,Gemeente,Municipality,,
378,158,NLD,Netherlands,11,Utrecht,379,Soest,Gemeente,Municipality,,
379,158,NLD,Netherlands,11,Utrecht,380,Utrecht,Gemeente,Municipality,,
380,158,NLD,Netherlands,11,Utrecht,381,Veenendaal,Gemeente,Municipality,,
381,158,NLD,Netherlands,11,Utrecht,382,Vianen,Gemeente,Municipality,,
382,158,NLD,Netherlands,11,Utrecht,383,Wijk bij Duurstede,Gemeente,Municipality,,
383,158,NLD,Netherlands,11,Utrecht,384,Woerden,Gemeente,Municipality,,
384,158,NLD,Netherlands,11,Utrecht,385,Woudenberg,Gemeente,Municipality,,
385,158,NLD,Netherlands,11,Utrecht,386,Zeist,Gemeente,Municipality,,
386,158,NLD,Netherlands,12,Zeeland,387,Borsele,Gemeente,Municipality,,
387,158,NLD,Netherlands,12,Zeeland,388,Goes,Gemeente,Municipality,,
388,158,NLD,Netherlands,12,Zeeland,389,Hulst,Gemeente,Municipality,,
389,158,NLD,Netherlands,12,Zeeland,390,Kapelle,Gemeente,Municipality,,
390,158,NLD,Netherlands,12,Zeeland,391,Middelburg,Gemeente,Municipality,,
391,158,NLD,Netherlands,12,Zeeland,392,Noord-Beveland,Gemeente,Municipality,,
392,158,NLD,Netherlands,12,Zeeland,393,Reimerswaal,Gemeente,Municipality,,
393,158,NLD,Netherlands,12,Zeeland,394,Schouwen-Duiveland,Gemeente,Municipality,,
394,158,NLD,Netherlands,12,Zeeland,395,Sluis,Gemeente,Municipality,,
395,158,NLD,Netherlands,12,Zeeland,396,Terneuzen,Gemeente,Municipality,,
396,158,NLD,Netherlands,12,Zeeland,397,Tholen,Gemeente,Municipality,,
397,158,NLD,Netherlands,12,Zeeland,398,Veere,Gemeente,Municipality,,
398,158,NLD,Netherlands,12,Zeeland,399,Vlissingen,Gemeente,Municipality,,
399,158,NLD,Netherlands,13,Zeeuwse meren,400,,Gemeente,Water body,,
400,158,NLD,Netherlands,14,Zuid-Holland,401,'s-Gravendeel,Gemeente,Municipality,,
401,158,NLD,Netherlands,14,Zuid-Holland,402,'s-Gravenhage,Gemeente,Municipality,,
402,158,NLD,Netherlands,14,Zuid-Holland,403,'s-Gravenzande,Gemeente,Municipality,,
403,158,NLD,Netherlands,14,Zuid-Holland,404,Alblasserdam,Gemeente,Municipality,,
404,158,NLD,Netherlands,14,Zuid-Holland,405,Albrandswaard,Gemeente,Municipality,,
405,158,NLD,Netherlands,14,Zuid-Holland,406,Alkemade,Gemeente,Municipality,,
406,158,NLD,Netherlands,14,Zuid-Holland,407,Alphen aan den Rijn,Gemeente,Municipality,,
407,158,NLD,Netherlands,14,Zuid-Holland,408,Barendrecht,Gemeente,Municipality,,
408,158,NLD,Netherlands,14,Zuid-Holland,409,Bergambacht,Gemeente,Municipality,,
409,158,NLD,Netherlands,14,Zuid-Holland,410,Bergschenhoek,Gemeente,Municipality,,
410,158,NLD,Netherlands,14,Zuid-Holland,411,Berkel en Rodenrijs,Gemeente,Municipality,,
411,158,NLD,Netherlands,14,Zuid-Holland,412,Bernisse,Gemeente,Municipality,,
412,158,NLD,Netherlands,14,Zuid-Holland,413,Binnenmaas,Gemeente,Municipality,,
413,158,NLD,Netherlands,14,Zuid-Holland,414,Bleiswijk,Gemeente,Municipality,,
414,158,NLD,Netherlands,14,Zuid-Holland,415,Bodegraven,Gemeente,Municipality,,
415,158,NLD,Netherlands,14,Zuid-Holland,416,Boskoop,Gemeente,Municipality,,
416,158,NLD,Netherlands,14,Zuid-Holland,417,Brielle,Gemeente,Municipality,,
417,158,NLD,Netherlands,14,Zuid-Holland,418,Capelle aan den IJssel,Gemeente,Municipality,,
418,158,NLD,Netherlands,14,Zuid-Holland,419,Cromstrijen,Gemeente,Municipality,,
419,158,NLD,Netherlands,14,Zuid-Holland,420,De Lier,Gemeente,Municipality,,
420,158,NLD,Netherlands,14,Zuid-Holland,421,Delft,Gemeente,Municipality,,
421,158,NLD,Netherlands,14,Zuid-Holland,422,Dirksland,Gemeente,Municipality,,
422,158,NLD,Netherlands,14,Zuid-Holland,423,Dordrecht,Gemeente,Municipality,,
423,158,NLD,Netherlands,14,Zuid-Holland,424,Giessenlanden,Gemeente,Municipality,,
424,158,NLD,Netherlands,14,Zuid-Holland,425,Goedereede,Gemeente,Municipality,,
425,158,NLD,Netherlands,14,Zuid-Holland,426,Gorinchem,Gemeente,Municipality,,
426,158,NLD,Netherlands,14,Zuid-Holland,427,Gouda,Gemeente,Municipality,,
427,158,NLD,Netherlands,14,Zuid-Holland,428,Graafstroom,Gemeente,Municipality,,
428,158,NLD,Netherlands,14,Zuid-Holland,429,Hardinxveld-Giessendam,Gemeente,Municipality,,
429,158,NLD,Netherlands,14,Zuid-Holland,430,Hellevoetsluis,Gemeente,Municipality,,
430,158,NLD,Netherlands,14,Zuid-Holland,431,Hendrik-Ido-Ambacht,Gemeente,Municipality,,
431,158,NLD,Netherlands,14,Zuid-Holland,432,Hillegom,Gemeente,Municipality,,
432,158,NLD,Netherlands,14,Zuid-Holland,433,Jacobswoude,Gemeente,Municipality,,
433,158,NLD,Netherlands,14,Zuid-Holland,434,Katwijk,Gemeente,Municipality,,
434,158,NLD,Netherlands,14,Zuid-Holland,435,Korendijk,Gemeente,Municipality,,
435,158,NLD,Netherlands,14,Zuid-Holland,436,Krimpen aan den IJssel,Gemeente,Municipality,,
436,158,NLD,Netherlands,14,Zuid-Holland,437,Leerdam,Gemeente,Municipality,,
437,158,NLD,Netherlands,14,Zuid-Holland,438,Leiden,Gemeente,Municipality,,
438,158,NLD,Netherlands,14,Zuid-Holland,439,Leiderdorp,Gemeente,Municipality,,
439,158,NLD,Netherlands,14,Zuid-Holland,440,Leidschendam-Voorburg,Gemeente,Municipality,,
440,158,NLD,Netherlands,14,Zuid-Holland,441,Liemeer,Gemeente,Municipality,,
441,158,NLD,Netherlands,14,Zuid-Holland,442,Liesveld,Gemeente,Municipality,,
442,158,NLD,Netherlands,14,Zuid-Holland,443,Lisse,Gemeente,Municipality,,
443,158,NLD,Netherlands,14,Zuid-Holland,444,Maasland,Gemeente,Municipality,,
444,158,NLD,Netherlands,14,Zuid-Holland,445,Maassluis,Gemeente,Municipality,,
445,158,NLD,Netherlands,14,Zuid-Holland,446,Middelharnis,Gemeente,Municipality,,
446,158,NLD,Netherlands,14,Zuid-Holland,447,Monster,Gemeente,Municipality,,
447,158,NLD,Netherlands,14,Zuid-Holland,448,Moordrecht,Gemeente,Municipality,,
448,158,NLD,Netherlands,14,Zuid-Holland,449,Naaldwijk,Gemeente,Municipality,,
449,158,NLD,Netherlands,14,Zuid-Holland,450,Nederlek,Gemeente,Municipality,,
450,158,NLD,Netherlands,14,Zuid-Holland,451,Nieuw-Lekkerland,Gemeente,Municipality,,
451,158,NLD,Netherlands,14,Zuid-Holland,452,Nieuwerkerk aan den IJssel,Gemeente,Municipality,,
452,158,NLD,Netherlands,14,Zuid-Holland,453,Nieuwkoop,Gemeente,Municipality,,
453,158,NLD,Netherlands,14,Zuid-Holland,454,Noordwijkerhout,Gemeente,Municipality,,
454,158,NLD,Netherlands,14,Zuid-Holland,455,Noordwijk,Gemeente,Municipality,,
455,158,NLD,Netherlands,14,Zuid-Holland,456,Oegstgeest,Gemeente,Municipality,,
456,158,NLD,Netherlands,14,Zuid-Holland,457,Oostflakkee,Gemeente,Municipality,,
457,158,NLD,Netherlands,14,Zuid-Holland,458,Oud-Beijerland,Gemeente,Municipality,,
458,158,NLD,Netherlands,14,Zuid-Holland,459,Ouderkerk,Gemeente,Municipality,,
459,158,NLD,Netherlands,14,Zuid-Holland,460,Papendrecht,Gemeente,Municipality,,
460,158,NLD,Netherlands,14,Zuid-Holland,461,Pijnacker-Nootdorp,Gemeente,Municipality,,
461,158,NLD,Netherlands,14,Zuid-Holland,462,Reeuwijk,Gemeente,Municipality,,
462,158,NLD,Netherlands,14,Zuid-Holland,463,Ridderkerk,Gemeente,Municipality,,
463,158,NLD,Netherlands,14,Zuid-Holland,464,Rijnsburg,Gemeente,Municipality,,
464,158,NLD,Netherlands,14,Zuid-Holland,465,Rijnwoude,Gemeente,Municipality,,
465,158,NLD,Netherlands,14,Zuid-Holland,466,Rijswijk,Gemeente,Municipality,,
466,158,NLD,Netherlands,14,Zuid-Holland,467,Rotterdam,Gemeente,Municipality,,
467,158,NLD,Netherlands,14,Zuid-Holland,468,Rozenburg,Gemeente,Municipality,,
468,158,NLD,Netherlands,14,Zuid-Holland,469,Sassenheim,Gemeente,Municipality,,
469,158,NLD,Netherlands,14,Zuid-Holland,470,Schiedam,Gemeente,Municipality,,
470,158,NLD,Netherlands,14,Zuid-Holland,471,Schipluiden,Gemeente,Municipality,,
471,158,NLD,Netherlands,14,Zuid-Holland,472,Schoonhoven,Gemeente,Municipality,,
472,158,NLD,Netherlands,14,Zuid-Holland,473,Sliedrecht,Gemeente,Municipality,,
473,158,NLD,Netherlands,14,Zuid-Holland,474,Spijkenisse,Gemeente,Municipality,,
474,158,NLD,Netherlands,14,Zuid-Holland,475,Strijen,Gemeente,Municipality,,
475,158,NLD,Netherlands,14,Zuid-Holland,476,Ter Aar,Gemeente,Municipality,,
476,158,NLD,Netherlands,14,Zuid-Holland,477,Valkenburg,Gemeente,Municipality,,
477,158,NLD,Netherlands,14,Zuid-Holland,478,Vlaardingen,Gemeente,Municipality,,
478,158,NLD,Netherlands,14,Zuid-Holland,479,Vlist,Gemeente,Municipality,,
479,158,NLD,Netherlands,14,Zuid-Holland,480,Voorhout,Gemeente,Municipality,,
480,158,NLD,Netherlands,14,Zuid-Holland,481,Voorschoten,Gemeente,Municipality,,
481,158,NLD,Netherlands,14,Zuid-Holland,482,Waddinxveen,Gemeente,Municipality,,
482,158,NLD,Netherlands,14,Zuid-Holland,483,Warmond,Gemeente,Municipality,,
483,158,NLD,Netherlands,14,Zuid-Holland,484,Wassenaar,Gemeente,Municipality,,
484,158,NLD,Netherlands,14,Zuid-Holland,485,Wateringen,Gemeente,Municipality,,
485,158,NLD,Netherlands,14,Zuid-Holland,486,Westvoorne,Gemeente,Municipality,,
486,158,NLD,Netherlands,14,Zuid-Holland,487,Zederik,Gemeente,Municipality,,
487,158,NLD,Netherlands,14,Zuid-Holland,488,Zevenhuizen-Moerkapelle,Gemeente,Municipality,,
488,158,NLD,Netherlands,14,Zuid-Holland,489,Zoetermeer,Gemeente,Municipality,,
489,158,NLD,Netherlands,14,Zuid-Holland,490,Zoeterwoude,Gemeente,Municipality,,
490,158,NLD,Netherlands,14,Zuid-Holland,491,Zwijndrecht,Gemeente,Municipality,,
